pattern_name,sections,cta_placement,hero_style,trust_signals,social_proof,conversion_focus,use_case
product_showcase,hero+features+pricing+cta,multiple_ctas,product_demo_video,security_badges+guarantee,user_testimonials_grid,clear_value_prop,b2b_saas
conversion_focus,hero+problem+solution+cta,sticky_cta,emotional_image,trust_badges+stats,logo_cloud+numbers,minimal_friction,lead_generation
story_driven,hero+story+values+cta,story_end_cta,brand_story_video,mission_statement,case_studies,emotional_connection,brand_building
feature_grid,hero+features_grid+cta,hero+bottom_cta,animated_demo,comparison_table,feature_quotes,feature_discovery,product_launch
comparison_style,hero+comparison+proof+cta,multiple_ctas,vs_competitor,guarantee+stats,comparison_testimonials,competitive_advantage,competitive_markets
minimal_value,hero+value+cta,single_hero_cta,typography_focused,minimal_badges,single_testimonial,simplicity_focus,premium_products
social_first,hero+community+proof+cta,community_cta,community_visual,user_count+activity,social_feed+reviews,community_join,community_platforms
interactive_demo,hero+interactive_demo+cta,demo_cta,try_before_buy,security+privacy,no_login_required,hands_on_experience,developer_tools
pricing_clear,hero+pricing_table+faq+cta,pricing_cta,clear_pricing,price_guarantee,comparison_table,transparent_pricing,paid_products
case_study,hero+case_study+results+cta,results_cta,success_story,client_logo,metrics_results,evidence_based,consulting_services
onboarding_flow,hero+steps+form+cta,form_cta,step_visualization,privacy+security,completion_rate,reduced_friction,signup_flows
resource_hub,hero+resources+categories+cta,search_cta,search_focused,content_count,featured_resources,resource_discovery,documentation_sites
interactive_story,hero+scroll+reveal+cta,scroll_cta,scroll_visual,progress_indicator,chapter_navigation,scroll_experience,interactive_storytelling
video_centric,hero+video+benefits+cta,video_cta,autoplay_video,play_button+duration,user_engagement_metrics,visual_engagement,video_products
quiz_funnel,hero+quiz+results+cta,quiz_cta,interactive_quiz,progress_bar+results,quiz_completion_rate,qualification_flow,lead_qualification
calculator_tool,hero+calculator+results+cta,calculator_cta,interactive_tool,data_accuracy+methodology,calculation_results,data_driven_value,financial_tools
map_location,hero+map+locations+cta,map_cta,interactive_map,coverage_area+hours,nearby_locations,geographic_targeting,local_services
timeline_story,hero+timeline+milestones+cta,timeline_cta,horizontal_timeline,company_history,achievement_timeline,chronological_narrative,company_history
testimonial_wall,hero+testimonials_grid+cta,testimonial_cta,scroll_testimonials,verified_reviews+photos,video_testimonials,social_proof_density,service_business
team_showcase,hero+team+profiles+cta,team_cta,team_grid,expert_credentials,team_photos+bios,expertise_display,consulting_agency
portfolio_gallery,hero+gallery+project+cta,project_cta,image_gallery,project_metrics,project_grid+lightbox,visual_impact,creative_portfolio
blog_content,hero+featured_posts+categories+cta,blog_cta,content_preview,author_credentials+dates,post_grid+categories,content_discovery,content_marketing
event_calendar,hero+calendar+events+cta,event_cta,calendar_visual,event_details+dates,upcoming_events,time_based_conversion,event_registration
faq_expandable,hero+faq+categories+cta,faq_cta,accordion_faq,expert_answers+expand,faq_categories+search,information_clarity,information_products
comparison_matrix,hero+comparison+matrix+cta,matrix_cta,comparison_table,feature_comparison,vs_grid+detailed,decision_support,complex_products
download_focus,hero+download+features+cta,download_cta,file_preview,download_stats+formats,download_button+progress,immediate_access,downloadable_products
form_minimal,hero+form+benefits+cta,form_cta,minimal_form,form_privacy+speed,form_completion_rate,quick_conversion,quick_signup
countdown_timer,hero+timer+offer+cta,timer_cta,urgency_timer,limited_time+offer,timer_visual+remaining,urgency_conversion,limited_offers
live_chat,hero+chat+support+cta,chat_cta,chat_button,agent_available+response_time,chat_widget+testimonials,immediate_help,support_services
calculator_roi,hero+roi+results+cta,roi_cta,roi_tool,input_fields+formula,roi_calculation+chart,roi_visualization,business_tools
survey_feedback,hero+survey+results+cta,survey_cta,interactive_survey,survey_progress+results,survey_completion_rate,feedback_collection,feedback_tools
matchmaking_tool,hero+match+results+cta,match_cta,matching_algorithm,match_accuracy+criteria,match_results+profile,algorithmic_matching,matching_services
booking_calendar,hero+calendar+booking+cta,booking_cta,calendar_picker,availability+timezone,booking_form+confirmation,appointment_conversion,booking_services
location_finder,hero+search+map+cta,map_cta,location_search,coverage+hours,location_list+map,geographic_conversion,location_based_services
quiz_personality,hero+quiz+type+cta,quiz_cta,personality_quiz,quiz_accuracy+fun,quiz_result+share,engagement_conversion,entertainment_quiz
tool_generator,hero+generator+output+cta,generator_cta,generator_form,generator_speed+quality,generator_output+download,generation_conversion,content_generators
estimate_calculator,hero+estimate+quote+cta,estimate_cta,estimate_form,estimate_accuracy+speed,estimate_result+contact,estimate_conversion,service_quotes
demo_playground,hero+demo+sandbox+cta,demo_cta,interactive_demo,sandbox_features+limits,demo_environment+guide,try_before_buy,developer_tools
assessment_tool,hero+assessment+score+cta,assessment_cta,assessment_form,assessment_accuracy+depth,assessment_result+recommendation,assessment_conversion,assessment_services
simulator_tool,hero+simulator+preview+cta,simulator_cta,simulator_form,simulator_accuracy+controls,simulator_preview+settings,simulation_conversion,visualization_tools
converter_tool,hero+converter+result+cta,converter_cta,converter_input,converter_accuracy+formats,converter_result+download,conversion_tool,utility_tools
analyzer_tool,hero+analyzer+report+cta,analyzer_cta,analyzer_input,analyzer_depth+accuracy,analyzer_report+recommendations,analysis_conversion,analysis_tools
validator_tool,hero+validator+result+cta,validator_cta,validator_input,validator_accuracy+rules,validator_result+details,validation_conversion,validation_tools
compressor_tool,hero+compressor+result+cta,compressor_cta,compressor_input,compression_ratio+speed,compressed_result+download,compression_conversion,utility_tools
editor_tool,hero+editor+preview+cta,editor_cta,editor_interface,editor_features+export,editor_preview+save,editor_conversion,editing_tools
formatter_tool,hero+formatter+result+cta,formatter_cta,formatter_input,formatting_rules+options,formatted_result+copy,formatting_conversion,utility_tools
generator_code,hero+generator+code+cta,generator_cta,code_form,code_quality+languages,generated_code+copy,code_generation,developer_tools
planner_tool,hero+planner+timeline+cta,planner_cta,planner_form,planner_accuracy+visualization,planned_timeline+export,planning_conversion,planning_tools
scheduler_tool,hero+scheduler+calendar+cta,scheduler_cta,scheduler_form,scheduling_options+timezone,scheduled_calendar+reminder,scheduling_conversion,scheduling_tools
tracker_tool,hero+tracker+dashboard+cta,tracker_cta,tracker_form,tracking_metrics+visualization,tracker_dashboard+alerts,tracking_conversion,tracking_tools
monitor_tool,hero+monitor+status+cta,monitor_cta,monitor_input,monitoring_frequency+alerts,monitor_status+history,monitoring_conversion,monitoring_tools
optimizer_tool,hero+optimizer+report+cta,optimizer_cta,optimizer_input,optimization_metrics+suggestions,optimized_result+download,optimization_conversion,optimization_tools
benchmark_tool,hero+benchmark+comparison+cta,benchmark_cta,benchmark_input,benchmark_metrics+industry,benchmark_comparison+ranking,benchmarking_conversion,benchmarking_tools
audit_tool,hero+audit+report+cta,audit_cta,audit_input,audit_depth+categories,audit_report+recommendations,audit_conversion,audit_tools
survey_market,hero+survey+analysis+cta,survey_cta,survey_form,survey_depth+insights,market_analysis+charts,market_research,market_research_tools
poll_quick,hero+poll+results+cta,poll_cta,poll_question,poll_options+real_time,poll_results+share,quick_engagement,engagement_tools
vote_platform,hero+vote+candidates+cta,vote_cta,voting_interface,voting_security+privacy,vote_results+transparency,voting_conversion,voting_platforms
petition_social,hero+petition+sign+cta,petition_cta,petition_form,petition_goal+progress,sign_count+share,petition_conversion,social_campaigns
crowdfunding_campaign,hero+campaign+donate+cta,donate_cta,campaign_visual,campaign_goal+progress,donation_count+backers,crowdfunding_conversion,crowdfunding_platforms
donation_form,hero+donation+impact+cta,donate_cta,donation_form,donation_levels+impact,donation_amount+receipt,donation_conversion,charitable_donations
membership_signup,hero+membership+benefits+cta,signup_cta,membership_tiers,membership_value+features,membership_levels+comparison,membership_conversion,subscription_services
subscription_offer,hero+subscription+trial+cta,trial_cta,subscription_visual,subscription_trial+cancel,subscription_pricing+features,subscription_conversion,subscription_products
trial_signup,hero+trial+features+cta,trial_cta,trial_form,trial_duration+limits,trial_signup+activation,trial_conversion,trial_products
upgrade_path,hero+upgrade+benefits+cta,upgrade_cta,upgrade_visual,upgrade_features+pricing,upgrade_comparison+value,upgrade_conversion,upgrade_products
referral_program,hero+referral+reward+cta,referral_cta,referral_form,referral_reward+tracking,referral_code+share,referral_conversion,referral_programs
affiliate_signup,hero+affiliate+commission+cta,affiliate_cta,affiliate_form,affiliate_rates+tracking,affiliate_dashboard+resources,affiliate_conversion,affiliate_programs